,MSE,R2-score
Training data,0.01636495753709963,0.8053964213340778
Test data,0.01636495753709963,0.8053964213340778
